id_diagnostico,codigo_cie10,diagnostico,capitulo_cie10,tiene_diagnostico
1,E849,"FIBROSIS QUISTICA, SIN OTRA ESPECIFICACION","Enf. endocrinas, nutricionales y metabólicas",1
2,C910,LEUCEMIA LINFOBLASTICA AGUDA,Neoplasias malignas (oncológico),1
3,C349,"TUMOR MALIGNO DE LOS BRONQUIOS O DEL PULMON, PARTE NO ESPECIFICADA",Neoplasias malignas (oncológico),1
4,E840,FIBROSIS QUISTICA CON MANIFESTACIONES PULMONARES,"Enf. endocrinas, nutricionales y metabólicas",1
5,N258,OTROS TRASTORNOS RESULTANTES DE LA FUNCION TUBULAR RENAL ALTERADA,Enfermedades del sistema genitourinario,1
6,N168,TRASTORNOS RENALES TUBULOINTERSTICIALES EN OTRAS ENFERMEDADES CLASIFICADAS EN OTRA PARTE,Enfermedades del sistema genitourinario,1
7,C73X,TUMOR MALIGNO DE LA GLANDULA TIROIDES,Neoplasias malignas (oncológico),1
8,Q774,ACONDROPLASIA,Malformaciones congénitas,1
9,SIN CODIGO,SIN DIAGNOSTICO REPORTADO,SIN CAPITULO,0
10,E780,HIPERCOLESTEROLEMIA PURA,"Enf. endocrinas, nutricionales y metabólicas",1
11,D77X,OTROS TRASTORNOS DE LA SANGRE Y DE LOS ORGANOS HEMATOPOYETICOS EN ENFERMEDADES CLASIFICADAS EN OTRA PARTE,Neoplasias benignas / Enf. de la sangre,1
12,Q850,NEUROFIBROMATOSIS (NO MALIGNA),Malformaciones congénitas,1
13,C900,MIELOMA MULTIPLE,Neoplasias malignas (oncológico),1
14,N189,"INSUFICIENCIA RENAL CRONICA, NO ESPECIFICADA",Enfermedades del sistema genitourinario,1
15,G35X,ESCLEROSIS MULTIPLE,Enfermedades del sistema nervioso,1
16,G710,DISTROFIA MUSCULAR,Enfermedades del sistema nervioso,1
17,Q613,"RINON POLIQUISTICO, TIPO NO ESPECIFICADO",Malformaciones congénitas,1
18,K768,OTRAS ENFERMEDADES ESPECIFICAS DEL HIGADO,Enfermedades del sistema digestivo,1
19,E848,FIBROSIS QUISTICA CON OTRAS MANIFESTACIONES,"Enf. endocrinas, nutricionales y metabólicas",1
20,E876,HIPOPOTASMIA,"Enf. endocrinas, nutricionales y metabólicas",1
21,Q812,EPIDERMOLISIS BULLOSA DISTROFICA,Malformaciones congénitas,1
22,N158,OTRAS ENFERMEDADES RENALES TUBULOINTERSTICIALES ESPECIFICADAS,Enfermedades del sistema genitourinario,1
23,D839,"INMUNODEFICIENCIA VARIABLE COMUN, NO ESPECIFICADA",Neoplasias benignas / Enf. de la sangre,1
24,C945,MIELOFIBROSIS AGUDA,Neoplasias malignas (oncológico),1
25,Q612,"RINON POLIQUISTICO, TIPO ADULTO",Malformaciones congénitas,1
26,G241,DISTONIA IDIOPATICA FAMILIAR,Enfermedades del sistema nervioso,1
27,I200,ANGINA INESTABLE,Enfermedades del sistema circulatorio,1
28,C795,TUMOR MALIGNO SECUNDARIO DE LOS HUESOS Y DE LA MEDULA OSEA,Neoplasias malignas (oncológico),1
29,D352,TUMOR BENIGNO DE LA HIPOFISIS,Neoplasias benignas / Enf. de la sangre,1
30,D849,"INMUNODEFICIENCIA, NO ESPECIFICADA",Neoplasias benignas / Enf. de la sangre,1
31,SIN CODIGO,ANESTESICO,SIN CAPITULO,1
32,E268,OTROS TIPOS DE HIPERALDOSTERONISMO,"Enf. endocrinas, nutricionales y metabólicas",1
33,SIN CODIGO,ADENOCARCINOMA PULMONAR INVASIVO CON PATRON ACINAR (85%( Y LEPIDICO (15%),SIN CAPITULO,1
34,F841,AUTISMO ATIPICO,Trastornos mentales y del comportamiento,1
35,N312,"VEJIGA NEUROPATICA FLACIDA, NO CLASIFICADA EN OTRA PARTE",Enfermedades del sistema genitourinario,1
36,N043,SINDROME NEFROTICO: GLOMERULONEFRITIS PROLIFERATIVA MESANGIAL DIFUSA,Enfermedades del sistema genitourinario,1
37,N180,INSUFICIENCIA RENAL TERMINAL,Enfermedades del sistema genitourinario,1
38,C249,"TUMOR MALIGNO DE LAS VIAS BILIARES, PARTE NO ESPECIFICADA",Neoplasias malignas (oncológico),1
39,E783,HIPERQUILOMICRONEMIA,"Enf. endocrinas, nutricionales y metabólicas",1
40,E841,FIBROSIS QUISTICA CON MANIFESTACIONES INTESTINALES,"Enf. endocrinas, nutricionales y metabólicas",1
41,C844,LINFOMA DE CELULAS T PERIFERICO,Neoplasias malignas (oncológico),1
42,N319,"DISFUNCION NEUROMUSCULAR DE LA VEJIGA, NO ESPECIFICADA",Enfermedades del sistema genitourinario,1
43,R200,ANESTESIA DE LA PIEL,Síntomas y signos no clasificados,1
44,G318,OTRAS ENFERMEDADES DEGENERATIVAS ESPECIFICADAS DEL SISTEMA NERVIOSO,Enfermedades del sistema nervioso,1
45,M069,"ARTRITIS REUMATOIDE, NO ESPECIFICADA",Enfermedades del sistema musculoesquelético,1
46,C931,LEUCEMIA MONOCITICA CRONICA,Neoplasias malignas (oncológico),1
47,SIN CODIGO,RESTAURADOR ELECTROLITICO,SIN CAPITULO,1
48,C920,LEUCEMIA MIELOIDE AGUDA,Neoplasias malignas (oncológico),1
49,H480,ATROFIA OPTICA EN ENFERMEDADES CLASIFICADAS EN OTRA PARTE,Enfermedades del ojo y del oído,1
50,SIN CODIGO,ARRITMIAS CARDIACAS,SIN CAPITULO,1
51,G408,OTRAS EPILEPSIAS,Enfermedades del sistema nervioso,1
52,C719,NEUROFIBRAMOTIS TIPO 1,Neoplasias malignas (oncológico),1
53,D740,METAHEMOGLOBINEMIA CONGENITA,Neoplasias benignas / Enf. de la sangre,1
54,Q447,OTRAS MALFORMACIONES CONGENITAS DEL HIGADO,Malformaciones congénitas,1
55,A150,"TUBERCULOSIS DEL PULMON, CONFIRMADA POR HALLAZGO MICROSCOPICO DEL BACILO TUBERCULOSO EN ESPUTO, CON O SIN CULTIVO",Enfermedades infecciosas y parasitarias,1
56,G403,EPILEPSIA Y SINDROMES EPILEPTICOS IDIOPATICOS GENERALIZADOS,Enfermedades del sistema nervioso,1
57,I209,"ANGINA DE PECHO, NO ESPECIFICADA",Enfermedades del sistema circulatorio,1
58,E881,"LIPODISTROFIA, NO CLASIFICADA EN OTRA PARTE","Enf. endocrinas, nutricionales y metabólicas",1
59,E888,OTROS TRASTORNOS ESPECIFICADOS DEL METABOLISMO,"Enf. endocrinas, nutricionales y metabólicas",1
60,D898,ENFERMEDAD INJERTO CONTRA HUESPED,Neoplasias benignas / Enf. de la sangre,1
61,SIN CODIGO,ANTIHISTAMINICO,SIN CAPITULO,1
62,E802,OTRAS PORFIRIAS,"Enf. endocrinas, nutricionales y metabólicas",1
63,C921,LEUCEMIA MIELOIDE CRONICA,Neoplasias malignas (oncológico),1
64,SIN CODIGO,NEFROPATIA POR IGA,SIN CAPITULO,1
65,H472,ATROFIA OPTICA,Enfermedades del ojo y del oído,1
66,E700,FENILCETONURIA CLASICA,"Enf. endocrinas, nutricionales y metabólicas",1
67,T784,ALERGIA NO ESPECIFICADA,Traumatismos y envenenamientos,1
68,E873,ALCALOSIS,"Enf. endocrinas, nutricionales y metabólicas",1
69,Q871,NEUROFIBROMATOSIS TIPO 1 CON NEUROFIBROMA IRRESECABLE,Malformaciones congénitas,1
70,G404,OTRAS EPILEPSIAS Y SINDROMES EPILEPTICOS GENERALIZADOS,Enfermedades del sistema nervioso,1
71,G405,SINDROMES EPILEPTICOS ESPECIALES,Enfermedades del sistema nervioso,1
72,R64X,CAQUEXIA,Síntomas y signos no clasificados,1
73,SIN CODIGO,AGENTES ADRENERGICOS Y DOPAMINERGICOS,SIN CAPITULO,1
74,E713,TRASTORNOS DEL METABOLISMO DE LOS ACIDOS GRASOS,"Enf. endocrinas, nutricionales y metabólicas",1
75,Q809,"ICTIOSIS CONGENITA, NO ESPECIFICADA",Malformaciones congénitas,1
76,D749,"METAHEMOGLOBINEMIA, NO ESPECIFICADA",Neoplasias benignas / Enf. de la sangre,1
77,E031,HIPOTIROIDISMO CONGENITO SIN BOCIO,"Enf. endocrinas, nutricionales y metabólicas",1
78,C61X,TUMOR MALIGNO DE LA PROSTATA,Neoplasias malignas (oncológico),1
79,Q447,SINDROME DE ALAGILLE,Malformaciones congénitas,1
80,Z940,TRASPLANTE DE RINON,Factores que influyen en el estado de salud,1
81,SIN CODIGO,ANAFILAXIA,SIN CAPITULO,1
82,N158,SINDROME DE GITELMAN,Enfermedades del sistema genitourinario,1
83,I499,"ARRITMIA CARDIACA, NO ESPECIFICADA",Enfermedades del sistema circulatorio,1
84,E250,TRASTORNOS ADRENOGENITALES CONGENITOS CON DEFICIENCIA ENZIMATICA,"Enf. endocrinas, nutricionales y metabólicas",1
85,N071,"NEFROPATIA HEREDITARIA, NO CLASIFICADA EN OTRA PARTE: LESIONES GLOMERULARES FOCALES Y SEGMENTARIAS",Enfermedades del sistema genitourinario,1
86,I472,TAQUICARDIA VENTRICULAR,Enfermedades del sistema circulatorio,1
87,SIN CODIGO,NEFRITIS LUPICA IV/IV,SIN CAPITULO,1
88,SIN CODIGO,SINDROME DE GITELMAN,SIN CAPITULO,1
89,SIN CODIGO,ENFERMEDAD DE NIEMANN-PICK TIPO B,SIN CAPITULO,1
90,G934,ENCEFALOPATIA NO ESPECIFICADA,Enfermedades del sistema nervioso,1
91,G609,"NEUROPATIA HEREDITARIA E IDIOPATICA, SIN OTRA ESPECIFICACION",Enfermedades del sistema nervioso,1
92,D595,HEMOGLOBINURIA PAROXISTICA NOCTURNA [MARCHIAFAVA-MICHELI],Neoplasias benignas / Enf. de la sangre,1
93,I950,HIPOTENSION IDIOPATICA,Enfermedades del sistema circulatorio,1
94,C97X,TUMORES MALIGNO (PRIMARIOS) DE SITIOS MULTIPLES INDEPENDIENTES,Neoplasias malignas (oncológico),1
95,N046,NEFROPATIA POR IGA,Enfermedades del sistema genitourinario,1
96,E722,TRASTORNOS DEL METABOLISMO DEL CICLO DE LA UREA,"Enf. endocrinas, nutricionales y metabólicas",1
97,B160,"HEPATITIS AGUDA TIPO B, CON AGENTE DELTA (COINFECCION) CON COMA HEPATICO",Enfermedades infecciosas y parasitarias,1
98,C382,TUMOR MALIGNO DEL MEDIASTINO POSTERIOR,Neoplasias malignas (oncológico),1
99,C541,TUMOR MALIGNO DEL ENDOMETRIO,Neoplasias malignas (oncológico),1
100,N033,NEFROPATIA POR IGA,Enfermedades del sistema genitourinario,1
101,C740,TUMOR MALIGNO DE LA CORTEZA DE LA GLANDULA SUPRARRENAL,Neoplasias malignas (oncológico),1
102,I958,OTROS TIPOS DE HIPOTENSION,Enfermedades del sistema circulatorio,1
103,G406,"ATAQUES DE GRAN MAL, NO ESPECIFICADOS (CON O SIN PEQUENO MAL)",Enfermedades del sistema nervioso,1
104,E232,DIABETES INSIPIDA,"Enf. endocrinas, nutricionales y metabólicas",1
105,E872,ACIDOSIS,"Enf. endocrinas, nutricionales y metabólicas",1
106,C786,TUMOR MALIGNO SECUNDARIO DEL PERITONEO Y DEL RETROPERITONEO,Neoplasias malignas (oncológico),1
107,G711,TRASTORNOS MIOTONICOS,Enfermedades del sistema nervioso,1
108,C480,TUMOR MALIGNO DEL RETROPERITONEO,Neoplasias malignas (oncológico),1
109,D693,PURPURA TROMBOCITOPENICA IDIOPATICA,Neoplasias benignas / Enf. de la sangre,1
110,Q811,EPIDERMOLISIS BULLOSA LETAL,Malformaciones congénitas,1
111,SIN CODIGO,BLOQUEO CARDIACO Y ATAQUES DE ADAMSSOTKES,SIN CAPITULO,1
112,G402,EPILEPSIA Y SINDROMES EPILEPTICOS SINTOMATICOS RELACIONADOS CON LOCALIZACIONES (FOCALES) (PARCIALES) Y CON ATAQUES PARCIALES COMPLEJOS,Enfermedades del sistema nervioso,1
113,E708,OTROS TRASTORNOS DEL METABOLISMO DE LOS AMINOACIDOS AROMATICOS,"Enf. endocrinas, nutricionales y metabólicas",1
114,O721,OTRAS HEMORRAGIAS POSTPARTO INMEDIATAS,"Embarazo, parto y puerperio",1
115,I440,BLOQUEO AURICULOVENTRICULAR DE PRIMER GRADO,Enfermedades del sistema circulatorio,1
116,SIN CODIGO,HEMOGLOBINURIA PAROXISTICA NOCTURNA [MARCHIAFAVA-MICHELI],SIN CAPITULO,1
117,D444,TUMOR DE COMPORTAMIENTO INCIERTO O DESCONOCIDO DEL CONDUCTO CRANEOFARINGEO,Neoplasias benignas / Enf. de la sangre,1
118,E761,MUCOPOLISACARIDOSIS TIPO II,"Enf. endocrinas, nutricionales y metabólicas",1
119,E839,"TRASTORNO DEL METABOLISMO DE LOS MINERALES, NO ESPECIFICADO","Enf. endocrinas, nutricionales y metabólicas",1
120,SIN CODIGO,OTRAS HIPERTENSIONES PULMONARES SECUNDARIAS,SIN CAPITULO,1
121,E039,"HIPOTIROIDISMO, NO ESPECIFICADO","Enf. endocrinas, nutricionales y metabólicas",1
122,D803,DEFICIENCIA SELECTIVA DE SUBCLASES DE LA INMUNOGLOBULINA G [IGG],Neoplasias benignas / Enf. de la sangre,1
123,Q871,SINDROMES DE MALFORMACIONES CONGENITAS ASOCIADAS PRINCIPALMENTE CON ESTATURA BAJA,Malformaciones congénitas,1
124,C460,SARCOMA DE KAPOSI DE LA PIEL,Neoplasias malignas (oncológico),1
125,E748,OTROS TRASTORNOS ESPECIFICADOS DEL METABOLISMO DE LOS CARBOHIDRATOS,"Enf. endocrinas, nutricionales y metabólicas",1
126,T655,EFECTO TOXICO DE OTRAS SUSTANCIAS Y LAS NO ESPECIFICADAS: NITROGLICERINA Y OTROS ACIDOS Y ESTERES NITRICOS,Traumatismos y envenenamientos,1
127,B181,"HEPATITIS VIRAL TIPO B CRONICA, SIN AGENTE DELTA",Enfermedades infecciosas y parasitarias,1
128,E873,SINDROME DE GITELMAN,"Enf. endocrinas, nutricionales y metabólicas",1
129,Q619,"ENFERMEDAD QUISTICA DEL RINON, NO ESPECIFICADA",Malformaciones congénitas,1
130,E770,DEFECTOS EN LA MODIFICACION POSTRASLACIONAL DE ENZIMAS LISOSOMALES,"Enf. endocrinas, nutricionales y metabólicas",1
131,M082,ARTRITIS JUVENIL DE COMIENZO GENERALIZADO,Enfermedades del sistema musculoesquelético,1
132,K908,OTROS TIPOS DE MALABSORCION INTESTINAL,Enfermedades del sistema digestivo,1
133,Q781,DISPLASIA POLIOSTOTICA FIBROSA,Malformaciones congénitas,1
134,SIN CODIGO,TUMOR MALIGNO,SIN CAPITULO,1
135,SIN CODIGO,ALERGIA NO ESPECIFICADA,SIN CAPITULO,1
136,F952,TRASTORNOS POR TICS MOTORES Y VOCALES MULTIPLES COMBINADOS [DE LA TOURETTE],Trastornos mentales y del comportamiento,1
137,C710,"TUMOR MALIGNO DEL CEREBRO, EXCEPTO LOBULOS Y VENTRICULOS",Neoplasias malignas (oncológico),1
138,D682,DEFICIENCIA HEREDITARIA DE OTROS FACTORES DE LA COAGULACION,Neoplasias benignas / Enf. de la sangre,1
139,C924,LEUCEMIA PROMIELOCITICA AGUDA,Neoplasias malignas (oncológico),1
140,SIN CODIGO,CONTROL GLICEMICO,SIN CAPITULO,1
141,SIN CODIGO,ESTADOS DE HIPOTENSION AGUDA,SIN CAPITULO,1
142,SIN CODIGO,"COADYUVANTE EN EL TRATAMIENTO DE TUMORES DE TROFOBLASTO, CORIOCARCINOMA",SIN CAPITULO,1
143,T809,"COMPLICACIONES NO ESPECIFICADAS CONSECUTIVAS A INFUSION, TRANSFUSION E INYECCION TERAPEUTICA",Traumatismos y envenenamientos,1
144,H250,CATARATA SENIL INCIPIENTE,Enfermedades del ojo y del oído,1
145,D430,"TUMOR DE COMPORTAMIENTO INCIERTO O DESCONOCIDO DEL ENCEFALO, SUPRATENTORIAL",Neoplasias benignas / Enf. de la sangre,1
146,K768,COLESTASIS INTRAHEPATICA FAMILIAR PROGRESIVA TIPO 2,Enfermedades del sistema digestivo,1
147,G713,"MIOPATIA MITOCONDRICA, NO CLASIFICADA EN OTRA PARTE",Enfermedades del sistema nervioso,1
148,SIN CODIGO,ARRITMIAS GRAVES,SIN CAPITULO,1
149,SIN CODIGO,"ENFERMEDAD RENAL CRONICA, ETAPA 1",SIN CAPITULO,1
150,Q819,"EPIDERMOLISIS BULLOSA, NO ESPECIFICADA",Malformaciones congénitas,1
151,D038,MELANOMA IN SITU DE OTROS SITIOS,Neoplasias benignas / Enf. de la sangre,1
152,SIN CODIGO,EPILEPSIA REFRACTARIA,SIN CAPITULO,1
153,C341,"TUMOR MALIGNO DEL LOBULO SUPERIOR, BRONQUIO O PULMON",Neoplasias malignas (oncológico),1
154,N318,OTRAS DISFUNCIONES NEUROMUSCULARES DE LA VEJIGA,Enfermedades del sistema genitourinario,1
155,SIN CODIGO,LIPODISTROFIA CONGENITA PARCIAL,SIN CAPITULO,1
156,E755,OTROS TRASTORNOS DEL ALMACENAMIENTO DE LIPIDOS,"Enf. endocrinas, nutricionales y metabólicas",1
157,SIN CODIGO,TRATAMIENTO DE LA HIPOTENSION REFRACTARIA A CATECOLAMINAS ASOCIADA A UN SHOCK SEPTICO EN PACIENES MAYORES DE 18 ANOS,SIN CAPITULO,1
158,G409,"EPILEPSIA, TIPO NO ESPECIFICADO",Enfermedades del sistema nervioso,1
159,SIN CODIGO,"ENFERMEDAD RENAL CRONICA, ESTADIO 3",SIN CAPITULO,1
160,N045,SINDROME NEFROTICO: GLOMERULONEFRITIS MESANGIOCAPILAR DIFUSA,Enfermedades del sistema genitourinario,1
161,D420,TUMOR DE COMPORTAMIENTO INCIERTO O DESCONOCIDO DE LAS MENINGES CEREBRALES,Neoplasias benignas / Enf. de la sangre,1
162,J459,"ASMA, NO ESPECIFICADA",Enfermedades del sistema respiratorio,1
163,SIN CODIGO,ANESTESIA,SIN CAPITULO,1
164,C495,TUMOR MALIGNO DEL TEJIDO CONJUNTIVO Y TEJIDO BLANDO DE LA PELVIS,Neoplasias malignas (oncológico),1
165,C749,"TUMOR MALIGNO DE LA GLANDULA SUPRARRENAL, PARTE NO ESPECIFICADA",Neoplasias malignas (oncológico),1
166,G803,PARALISIS CEREBRAL DISCINETICA,Enfermedades del sistema nervioso,1
167,E802,PORFIRIA INTERMITENTE AGUDA,"Enf. endocrinas, nutricionales y metabólicas",1
168,E274,OTRAS INSUFICIENCIAS CORTICOSUPRARRENALES Y LAS NO ESPECIFICADAS,"Enf. endocrinas, nutricionales y metabólicas",1
169,H472,NEUROPATIA OPTICA DE LEBER,Enfermedades del ojo y del oído,1
170,I461,"MUERTE CARDIACA SUBITA, ASI DESCRITA",Enfermedades del sistema circulatorio,1
171,Q810,EPIDERMOLISIS BULLOSA SIMPLE,Malformaciones congénitas,1
172,SIN CODIGO,LINFOMA DE CELULAS T ANGIOINMUNOBLASTICA,SIN CAPITULO,1
173,L440,PITIRIASIS RUBRA PILARIS,Enfermedades de la piel,1
174,T883,HIPERTERMIA MALIGNA DEBIDA A ANESTESIA,Traumatismos y envenenamientos,1
175,SIN CODIGO,LINFOMA FOLICULAR GRADO IIIA,SIN CAPITULO,1
176,D696,TROMBOCITOPENIA NO ESPECIFICADA,Neoplasias benignas / Enf. de la sangre,1
177,C902,"PLASMOCITOMA, EXTRAMEDULAR",Neoplasias malignas (oncológico),1
178,C490,"TUMOR MALIGNO DEL TEJIDO CONJUNTIVO Y TEJIDO BLANDO DE LA CABEZA, CARA Y CUELLO",Neoplasias malignas (oncológico),1
179,E835,TRASTORNOS DEL METABOLISMO DEL CALCIO,"Enf. endocrinas, nutricionales y metabólicas",1
180,SIN CODIGO,CANCER COLORRECTAL CON MUTACION KRAS G12C,SIN CAPITULO,1
181,I10Z,POLIQUISTOSIS RENAL AUTOSOMICA DOMINANTE,Enfermedades del sistema circulatorio,1
182,L123,EPIDERMOLISIS BULLOSA ADQUIRIDA,Enfermedades de la piel,1
183,C349,ADENOCARCINOMA MODERADO DIFERENCIADO DE PRIMARIO EN PULMON AVANZADO,Neoplasias malignas (oncológico),1
184,D758,OTRAS ENFERMEDADES ESPECIFICADAS DE LA SANGRE Y DE LOS ORGANOS HEMATOPOYETICOS,Neoplasias benignas / Enf. de la sangre,1
185,G474,NARCOLEPSIA Y CATAPLEXIA,Enfermedades del sistema nervioso,1
186,SIN CODIGO,NEFROPATIA PRIMARIA POR INMUNOGLOBILINA A,SIN CAPITULO,1
187,E149,"DIABETES MELLITUS, NO ESPECIFICADA SIN MENCION DE COMPLICACION","Enf. endocrinas, nutricionales y metabólicas",1
188,F238,OTROS TRASTORNOS PSICOTICOS AGUDOS Y TRANSITORIOS,Trastornos mentales y del comportamiento,1
189,SIN CODIGO,DEFICIT DE POTASIO,SIN CAPITULO,1
190,B028,HERPES ZOSTER CON OTRAS COMPLICACIONES,Enfermedades infecciosas y parasitarias,1
191,G249,"DISTONIA, NO ESPECIFICADA",Enfermedades del sistema nervioso,1
192,SIN CODIGO,ARRITMIAS GRAVEZ,SIN CAPITULO,1
193,T560,EFECTO TOXICO DE METALES: PLOMO Y SUS COMPUESTOS,Traumatismos y envenenamientos,1
194,B169,"HEPATITIS AGUDA TIPO B, SIN AGENTE DELTA Y SIN COMA HEPATICO",Enfermedades infecciosas y parasitarias,1
195,M080,ARTRITIS REUMATOIDE JUVENIL,Enfermedades del sistema musculoesquelético,1
196,SIN CODIGO,METAHEMOGLOBINEMIA,SIN CAPITULO,1
197,T500,"ENVENENAMIENTO POR DIURETICOS Y OTRAS DROGAS, MEDICAMENTOS Y SUSTANCIAS BIOLOGICAS NO ESPECIFICADAS: MINERALOCORTICOIDES Y SUS ANTAGONISTAS",Traumatismos y envenenamientos,1
198,C840,MICOSIS FUNGOIDE,Neoplasias malignas (oncológico),1
199,D841,DEFECTO DEL SISTEMA DEL COMPLEMENTO,Neoplasias benignas / Enf. de la sangre,1
200,D471,ENFERMEDAD MIELOPROLIFERATIVA CRONICA,Neoplasias benignas / Enf. de la sangre,1
201,SIN CODIGO,"INMUODEFICIENCIA PRIMARIA, PURPURA TROMBOCITOPENICA",SIN CAPITULO,1
202,A300,LEPRA INDETERMINADA,Enfermedades infecciosas y parasitarias,1
203,E744,TRASTORNOS DEL METABOLISMO DEL PIRUVATO Y DE LAS GLUCONEOGENESIS,"Enf. endocrinas, nutricionales y metabólicas",1
204,D45X,POLICITEMIA VERA,Neoplasias benignas / Enf. de la sangre,1
205,Z948,OTROS ORGANOS Y TEJIDOS TRASPLANTADOS,Factores que influyen en el estado de salud,1
206,E612,DEFICIENCIA DE MAGNESIO,"Enf. endocrinas, nutricionales y metabólicas",1
207,M042,SINDROME AUTOINFLAMATORIO ASOCIADO A LA CRIOPIRINA,Enfermedades del sistema musculoesquelético,1
208,SIN CODIGO,LEUCEMIA LINFOBLASTICA AGUDA,SIN CAPITULO,1
209,N40X,HIPERPLASIA DE LA PROSTATA,Enfermedades del sistema genitourinario,1
210,E755,XANTOMATOSIS CEREBROTENDINOSA,"Enf. endocrinas, nutricionales y metabólicas",1
211,N079,"NEFROPATIA HEREDITARIA, NO CLASIFICADA EN OTRA PARTE: NO ESPECIFICADA",Enfermedades del sistema genitourinario,1
212,SIN CODIGO,ANESTESICO LOCAL ASOCIADO CON UN VASOCONSTRICTOR,SIN CAPITULO,1
213,E840,SIN DIAGNOSTICO REPORTADO,"Enf. endocrinas, nutricionales y metabólicas",0
214,D353,TUMOR BENIGNO DEL CONDUCTO CRANEOFARINGEO,Neoplasias benignas / Enf. de la sangre,1
215,H581,ALTERACIONES DE LA VISION EN ENFERMEDADES CLASIFICADAS EN OTRA PARTE,Enfermedades del ojo y del oído,1
216,Q960,"CARIOTIPO 45,X",Malformaciones congénitas,1
217,P745,TIROSINEMIA TRANSITORIA DEL RECIEN NACIDO,Afecciones del período perinatal,1
218,SIN CODIGO,DIAGNOSTICO Y TRATAMIENTO DE LA INSUFICIENCIA CORTICOSUPRARRENAL ENCEFALOPATIA INFANTIL MIOCLONICA CON HIPSARRITMIA,SIN CAPITULO,1
219,C833,LINFOMA NO HODGKIN DE CELULAS GRANDES (DIFUSO),Neoplasias malignas (oncológico),1
220,SIN CODIGO,HIPERTENSION PULMONAR PEDIATRICA - ANOMALIAS CONGENITAS,SIN CAPITULO,1
221,C509,"TUMOR MALIGNO DE LA MAMA, PARTE NO ESPECIFICADA",Neoplasias malignas (oncológico),1
222,B210,"ENFERMEDAD POR VIH, RESULTANTE EN SARCOMA DE KAPOSI",Enfermedades infecciosas y parasitarias,1
223,SIN CODIGO,OTROS DEFECTOS DE COAGULACION,SIN CAPITULO,1
224,SIN CODIGO,CONVULSIONES MIXTAS - EPILEPSIA REFRACTARIA,SIN CAPITULO,1
225,G111,ATAXIA CEREBELOSA DE INICIACION TEMPRANA,Enfermedades del sistema nervioso,1
226,H473,OTROS TRASTORNOS DEL DISCO OPTICO,Enfermedades del ojo y del oído,1
227,T783,EDEMA ANGIONEUROTICO,Traumatismos y envenenamientos,1
228,B161,"HEPATITIS AGUDA TIPO B, CON AGENTE DELTA (COINFECCION), SIN COMA HEPATICO",Enfermedades infecciosas y parasitarias,1
229,F332,"TRASTORNO DEPRESIVO RECURRENTE, EPISODIO DEPRESIVO GRAVE PRESENTE SIN SINTOMAS PSICOTICOS",Trastornos mentales y del comportamiento,1
230,SIN CODIGO,ENFERMEDAD DE NIEMANN PICK TIPO A Y B,SIN CAPITULO,1
231,E890,HIPOTIROIDISMO CONSECUTIVO A PROCEDIMIENTOS,"Enf. endocrinas, nutricionales y metabólicas",1
232,F801,TRASTORNO DEL LENGUAJE EXPRESIVO,Trastornos mentales y del comportamiento,1
233,X430,"ENVENENAMIENTO ACCIDENTAL POR, Y EXPOSICION A OTRAS DROGAS QUE ACTUAN SOBRE EL SISTEMA NERVIOSO AUTONOMO: VIVIENDA",Otro (capítulo X),1
234,Z038,OBSERVACION POR SOSPECHA DE OTRAS ENFERMEDADES Y AFECCIONES,Factores que influyen en el estado de salud,1
235,SIN CODIGO,DIABETES INSIPIDA,SIN CAPITULO,1
236,D820,SINDROME DE WISKOTT-ALDRICH,Neoplasias benignas / Enf. de la sangre,1
237,F310,"TRASTORNO AFECTIVO BIPOLAR, EPISODIO HIPOMANIACO PRESENTE",Trastornos mentales y del comportamiento,1
238,M329,NEFRITIS LUPICA,Enfermedades del sistema musculoesquelético,1
239,D332,"TUMOR BENIGNO DE ENCEFALO, PARTE NO ESPECIFICADA",Neoplasias benignas / Enf. de la sangre,1
240,E240,ENFERMEDAD DE CUSHING DEPENDIENTE DE LA HIPOFISIS,"Enf. endocrinas, nutricionales y metabólicas",1
241,B16,HEPATITIS AGUDA TIPO B,Enfermedades infecciosas y parasitarias,1
242,F510,INSOMNIO NO ORGANICO,Trastornos mentales y del comportamiento,1
243,C251,TUMOR MALIGNO DEL CUERPO DEL PANCREAS,Neoplasias malignas (oncológico),1
244,B965,PSEUDOMONAS (AERUGINOSA) (MALLEI) (PSEUDOMALLEI) COMO CAUSA DE ENFERMEDADES CLASIFICADAS EN OTROS CAPITULOS,Enfermedades infecciosas y parasitarias,1
245,E748,HIPEROXALURIA PRIMARIA TIPO 1,"Enf. endocrinas, nutricionales y metabólicas",1
246,T650,EFECTO TOXICO DE OTRAS SUSTANCIAS Y LAS NO ESPECIFICADAS: CIANURO,Traumatismos y envenenamientos,1
247,C829,"LINFOMA NO HODGKIN FOLICULAR, SIN OTRA ESPECIFICACION",Neoplasias malignas (oncológico),1
248,R200,ANESTESIA,Síntomas y signos no clasificados,1
249,C947,OTRAS LEUCEMIAS ESPECIFICADAS,Neoplasias malignas (oncológico),1
250,T630,EFECTO TOXICO DEL CONTACTO CON ANIMALES VENENOSOS: VENENO DE SERPIENTE,Traumatismos y envenenamientos,1
251,D800,HIPOGAMMAGLOBULINEMIA HEREDITARIA,Neoplasias benignas / Enf. de la sangre,1
252,D684,DEFICIENCIA ADQUIRIDA DE FACTORES DE LA COAGULACION,Neoplasias benignas / Enf. de la sangre,1
253,SIN CODIGO,HIPERTENSION PULMONAR PEDIATRICA,SIN CAPITULO,1
254,SIN CODIGO,ANTIDOTO CONTRA CIANURO,SIN CAPITULO,1
255,Q618,OTRAS ENFERMEDADES RENALES QUISTICAS,Malformaciones congénitas,1
256,B259,"ENFERMEDAD POR VIRUS CITOMEGALICO, NO ESPECIFICADA",Enfermedades infecciosas y parasitarias,1
257,E559,"DEFICIENCIA DE VITAMINA D, NO ESPECIFICADA","Enf. endocrinas, nutricionales y metabólicas",1
258,SIN CODIGO,"RINON POLIQUISTICO, TIPO ADULTO",SIN CAPITULO,1
259,N025,NEFROPATIA POR IGA,Enfermedades del sistema genitourinario,1
260,E889,"TRASTORNO METABOLICO, NO ESPECIFICADO","Enf. endocrinas, nutricionales y metabólicas",1
261,H488,OTROS TRASTORNOS DEL NERVIO OPTICO Y DE LAS VIAS OPTICAS EN ENFERMEDADES CLASIFICADAS EN OTRA PARTE,Enfermedades del ojo y del oído,1
262,C925,LEUCEMIA MIELOMONOCITICA AGUDA,Neoplasias malignas (oncológico),1
263,SIN CODIGO,ANTIBIOTICO DE AMPLIO ESPECTRO,SIN CAPITULO,1
264,SIN CODIGO,MIELOMA MULTIPLE,SIN CAPITULO,1
265,G608,OTRAS NEUROPATIAS HEREDITARIAS E IDIOPATICAS,Enfermedades del sistema nervioso,1
266,D830,INMUNODEFICIENCIA VARIABLE COMUN CON PREDOMINIO DE ANORMALIDADES EN EL NUMERO Y LA FUNCION DE LOS LINFOCITOS B,Neoplasias benignas / Enf. de la sangre,1
267,Q612,ENFERMEDAD RENAL POLIQUISTICA AUTOSOMICA DOMINANTE,Malformaciones congénitas,1
268,N188,OTRAS INSUFICIENCIAS RENALES CRONICAS,Enfermedades del sistema genitourinario,1
269,L986,OTROS TRASTORNOS INFILTRATIVOS DE LA PIEL Y DEL TEJIDO SUBCUTANEO,Enfermedades de la piel,1
270,SIN CODIGO,ESTIMULANTE DEL SISTEMA NERVIOSO SIMPATICO (RECEPTORES ALFA Y BETA),SIN CAPITULO,1
271,C693,TUMOR MALIGNO DE LA COROIDES,Neoplasias malignas (oncológico),1
272,E752,OTRAS ESFINGOLIPIDOSIS,"Enf. endocrinas, nutricionales y metabólicas",1
273,SIN CODIGO,CARCINOMA DUCTAL INFILTRANTE DE MAMA IZQUIERDO GRADO 3 HER 2 POSITIVO,SIN CAPITULO,1
274,N179,"INSUFICIENCIA RENAL AGUDA, NO ESPECIFICADA",Enfermedades del sistema genitourinario,1
275,D819,"INMUNODEFICIENCIA COMBINADA, NO ESPECIFICADA",Neoplasias benignas / Enf. de la sangre,1
276,G470,TRASTORNOS DEL INICIO Y DEL MANTENIMIENTO DEL SUENO [INSOMNIOS],Enfermedades del sistema nervioso,1
277,A162,"TUBERCULOSIS DE PULMON, SIN MENCION DE CONFIRMACION BACTERIOLOGICA O HISTOLOGICA",Enfermedades infecciosas y parasitarias,1
278,B182,HEPATITIS VIRAL TIPO C CRONICA,Enfermedades infecciosas y parasitarias,1
279,H46X,NEURITIS OPTICA,Enfermedades del ojo y del oído,1
280,D690,PURPURA ALERGICA,Neoplasias benignas / Enf. de la sangre,1
281,R560,CONVULSIONES FEBRILES,Síntomas y signos no clasificados,1
282,C950,"LEUCEMIA AGUDA, CELULAS DE TIPO NO ESPECIFICADO",Neoplasias malignas (oncológico),1
283,C463,SARCOMA DE KAPOSI DE LOS GANGLIOS LINFATICOS,Neoplasias malignas (oncológico),1
284,N033,SINDROME NEFRITICO CRONICO: GLOMERULONEFRITIS PROLIFERATIVA MESANGIAL DIFUSA,Enfermedades del sistema genitourinario,1
285,C723,TUMOR MALIGNO DEL NERVIO OPTICO,Neoplasias malignas (oncológico),1
286,I270,HIPERTENSION PULMONAR PRIMARIA,Enfermedades del sistema circulatorio,1
287,I498,OTRAS ARRITMIAS CARDIACAS ESPECIFICADAS,Enfermedades del sistema circulatorio,1
288,E834,TRASTORNOS DEL METABOLISMO DEL MAGNESIO,"Enf. endocrinas, nutricionales y metabólicas",1
289,A153,"TUBERCULOSIS DEL PULMON , CONFIRMADA POR MEDIOS NO ESPECIFICADOS",Enfermedades infecciosas y parasitarias,1
290,SIN CODIGO,ESTIMULO DE ACTH EN LA PRUEBA DE LABORATORIO CLINICO PARA LA INVESTIGACION DE INSUFICIENCIA CORTICOSUPRARRENAL,SIN CAPITULO,1
291,N144,"NEFROPATIA TOXICA, NO ESPECIFICADA EN OTRA PARTE",Enfermedades del sistema genitourinario,1
292,K743,CIRROSIS BILIAR PRIMARIA,Enfermedades del sistema digestivo,1
293,SIN CODIGO,CONVULSIONES MIXTAS/EPILEPSIA REFRACTARIA,SIN CAPITULO,1
294,C673,TUMOR MALIGNO DE LA PARED ANTERIOR DE LA VEJIGA,Neoplasias malignas (oncológico),1
295,SIN CODIGO,CANCER DE ENDOMETRIO,SIN CAPITULO,1
296,D848,OTRAS INMUNODEFICIENCIAS ESPECIFICADAS,Neoplasias benignas / Enf. de la sangre,1
297,D801,HIPOGAMMAGLOBULINEMIA NO FAMILIAR,Neoplasias benignas / Enf. de la sangre,1
298,H488,NEUROPATIA OPTICA HEREDITARIA DE LEBER,Enfermedades del ojo y del oído,1
299,SIN CODIGO,DEFICIENCIA DE MAGNESIO EN SANGRE,SIN CAPITULO,1
300,B029,HERPES ZOSTER SIN COMPLICACIONES,Enfermedades infecciosas y parasitarias,1
301,I210,INFARTO TRANSMURAL AGUDO DEL MIOCARDIO DE LA PARED ANTERIOR,Enfermedades del sistema circulatorio,1
302,E875,HIPERPOTASEMIA,"Enf. endocrinas, nutricionales y metabólicas",1
303,T887,EFECTO ADVERSO NO ESPECIFICADO DE DROGA O MEDICAMENTO,Traumatismos y envenenamientos,1
304,T782,"CHOQUE ANAFILACTICO, NO ESPECIFICADO",Traumatismos y envenenamientos,1
305,R568,OTRAS CONVULSIONES Y LAS NO ESPECIFICADAS,Síntomas y signos no clasificados,1
306,E230,HIPOPITUITARISMO,"Enf. endocrinas, nutricionales y metabólicas",1
307,H470,"TRASTORNOS DEL NERVIO OPTICO, NO CLASIFICADOS EN OTRA PARTE",Enfermedades del ojo y del oído,1
308,SIN CODIGO,NIEMANN PICK TIPO B,SIN CAPITULO,1
309,G10X,ENFERMEDAD DE HUNTINGTON,Enfermedades del sistema nervioso,1
310,M100,GOTA IDIOPATICA,Enfermedades del sistema musculoesquelético,1
311,C911,LEUCEMIA LINFOCITICA CRONICA,Neoplasias malignas (oncológico),1
312,G919,"HIDROCEFALO, NO ESPECIFICADO",Enfermedades del sistema nervioso,1
313,G118,OTRAS ATAXIAS HEREDITARIAS,Enfermedades del sistema nervioso,1
314,M053,ARTRITIS REUMATOIDE CON COMPROMISO DE OTROS ORGANOS O SISTEMAS,Enfermedades del sistema musculoesquelético,1
315,A310,INFECCIONES POR MICOBACTERIAS PULMONARES,Enfermedades infecciosas y parasitarias,1
316,SIN CODIGO,"BLOQUEO CARDIACO, ATAQUES ADAMS-STOKES, PARA CARDIACO",SIN CAPITULO,1
317,R391,OTRAS DIFICULTADES DE LA MICCION,Síntomas y signos no clasificados,1
318,F446,ANESTESIA DISOCIATIVA Y PERDIDA SENSORIAL,Trastornos mentales y del comportamiento,1
319,T561,EFECTO TOXICO DE METALES: MERCURIO Y SUS COMPUESTOS,Traumatismos y envenenamientos,1
320,D691,DEFECTOS CUALITATIVOS DE LAS PLAQUETAS,Neoplasias benignas / Enf. de la sangre,1
321,E785,HIPERLIPIDEMIA NO ESPECIFICADA,"Enf. endocrinas, nutricionales y metabólicas",1
322,L209,"DERMATITIS ATOPICA, NO ESPECIFICADA",Enfermedades de la piel,1
323,A152,"TUBERCULOSIS DEL PULMON, CONFIRMADA HISTOLOGICAMENTE",Enfermedades infecciosas y parasitarias,1
324,E729,"TRASTORNO DEL METABOLISMO DE LOS AMINOACIDOS, NO ESPECIFICADO","Enf. endocrinas, nutricionales y metabólicas",1
325,R81X,GLUCOSURIA,Síntomas y signos no clasificados,1
326,Z309,"ASISTENCIA PARA LA ANTICONCEPCION, NO ESPECIFICADA",Factores que influyen en el estado de salud,1
327,I500,INSUFICIENCIA CARDIACA CONGESTIVA,Enfermedades del sistema circulatorio,1
328,R71X,ANORMALIDAD DE LOS ERITROCITOS,Síntomas y signos no clasificados,1
329,SIN CODIGO,CA GASTRICO UNION GASTROESOFAGICA ESTADIO IV POR COMPROMISO HEPATICO HER2 POSITIVO.,SIN CAPITULO,1
330,E789,"TRASTORNO DEL METABOLISMO DE LAS LIPOPROTEINAS, NO ESPECIFICADO","Enf. endocrinas, nutricionales y metabólicas",1
331,K768,HIPOKALEMIA SEVERA SECUNDARIA A SINDROME DE GITTELMAN,Enfermedades del sistema digestivo,1
332,C914,LEUCEMIA DE CELULAS VELLOSAS,Neoplasias malignas (oncológico),1
333,K830,COLANGITIS,Enfermedades del sistema digestivo,1
334,R529,"DOLOR, NO ESPECIFICADO",Síntomas y signos no clasificados,1
335,SIN CODIGO,REACCION ALERGICA SEVERA (ANAFILAXIA),SIN CAPITULO,1
336,D561,BETA TALASEMIA,Neoplasias benignas / Enf. de la sangre,1
337,B258,OTRAS ENFERMEDADES DEBIDAS A VIRUS CITOMEGALICO,Enfermedades infecciosas y parasitarias,1
338,R252,CALAMBRES Y ESPASMOS,Síntomas y signos no clasificados,1
339,Q611,"RINON POLIQUISTICO, TIPO INFANTIL",Malformaciones congénitas,1
340,SIN CODIGO,INDIGESTION,SIN CAPITULO,1
341,C759,TUMOR MALIGNO DE GLANDULA ENDOCRINA NO ESPECIFICADA,Neoplasias malignas (oncológico),1
342,R190,"TUMEFACCION, MASA O PROMINENCIA INTRAABDOMINAL Y PELVICA",Síntomas y signos no clasificados,1
343,C56X,TUMOR MALIGNO DEL OVARIO,Neoplasias malignas (oncológico),1
344,D447,TUMOR DE COMPORTAMIENTO INCIERTO O DESCONOCIDO DEL CUERPO AORTICO Y OTROS CROMAFINES,Neoplasias benignas / Enf. de la sangre,1
345,D838,OTRAS INMUNODEFICIENCIAS VARIABLES COMUNES,Neoplasias benignas / Enf. de la sangre,1
346,SIN CODIGO,ENFERMEDAD DE NIEMANN PICK TIPO B,SIN CAPITULO,1
347,SIN CODIGO,NEUROBLASTOMA ESTADIO IV,SIN CAPITULO,1
348,D469,"SINDROME MIELODISPLASICO, SIN OTRA ESPECIFICACION",Neoplasias benignas / Enf. de la sangre,1
349,SIN CODIGO,ANESTESICO LOCAL,SIN CAPITULO,1
350,SIN CODIGO,EXTRACTOS ALERGENICOS,SIN CAPITULO,1
351,SIN CODIGO,"SINDROME MIELODISPLASICO, SIN OTRA ESPECIFICACION",SIN CAPITULO,1
352,C912,LEUCEMIA LINFOCITICA SUBAGUDA,Neoplasias malignas (oncológico),1
353,N023,HEMATURIA RECURRENTE Y PERSISTENTE: GLOMERULONEFRITIS PROLIFERATIVA MESANGIAL DIFUSA,Enfermedades del sistema genitourinario,1
354,SIN CODIGO,NEFRITIS LUPICA,SIN CAPITULO,1
355,E878,"OTROS TRASTORNOS DEL EQUILIBRIO DE LOS ELECTROLITOS Y DE LOS LIQUIDOS, NO CLASIFICADOS EN OTRA PARTE","Enf. endocrinas, nutricionales y metabólicas",1
356,L400,PSORIASIS VULGAR,Enfermedades de la piel,1
357,C629,"TUMOR MALIGNO DEL TESTICULO, NO ESPECIFICADO",Neoplasias malignas (oncológico),1
358,C670,TUMOR MALIGNO DEL TRIGONO VESICAL,Neoplasias malignas (oncológico),1
359,B171,HEPATITIS AGUDA TIPO C,Enfermedades infecciosas y parasitarias,1
360,O720,HEMORRAGIA DEL TERCER PERIODO DEL PARTO,"Embarazo, parto y puerperio",1
361,SIN CODIGO,ANESTESICOS,SIN CAPITULO,1
362,C672,TUMOR MALIGNO DE LA PARED LATERAL DE LA VEJIGA,Neoplasias malignas (oncológico),1
363,Z949,ORGANO Y TEJIDO TRASPLANTADO NO ESPECIFICADO,Factores que influyen en el estado de salud,1
364,E892,HIPOPARATIROIDISMO CONSECUTIVO A PROCEDIMIENTOS,"Enf. endocrinas, nutricionales y metabólicas",1
365,O13X,HIPERTENSION GESTACIONAL (INDUCIDA POR EL EMBARAZO) SIN PROTEINURIA SIGNIFICATIVA,"Embarazo, parto y puerperio",1
366,C719,"TUMOR MALIGNO DEL ENCEFALO, PARTE NO ESPECIFICADA",Neoplasias malignas (oncológico),1
367,SIN CODIGO,COREA DE HUNTINGTON,SIN CAPITULO,1
368,D752,TROMBOCITOSIS ESENCIAL,Neoplasias benignas / Enf. de la sangre,1
369,SIN CODIGO,VACUNA CONTRA ZOSTER,SIN CAPITULO,1
370,E209,"HIPOPARATIROIDISMO, NO ESPECIFICADO","Enf. endocrinas, nutricionales y metabólicas",1
371,O722,HEMORRAGIA POSTPARTO SECUNDARIA O TARDIA,"Embarazo, parto y puerperio",1
372,E858,OTRAS AMILOIDOSIS,"Enf. endocrinas, nutricionales y metabólicas",1
373,E852,"AMILOIDOSIS HEREDOFAMILIAR, NO ESPECIFICADA","Enf. endocrinas, nutricionales y metabólicas",1
374,C841,ENFERMEDAD DE SEZARY,Neoplasias malignas (oncológico),1
375,K710,"ENFERMEDAD TOXICA DEL HIGADO, CON COLESTASIS",Enfermedades del sistema digestivo,1
376,SIN CODIGO,DEFICIT DE LIPASA ACIDA LIPOSOMAL,SIN CAPITULO,1
377,A498,OTRAS INFECCIONES BACTERIANAS DE SITIO NO ESPECIFICADO,Enfermedades infecciosas y parasitarias,1
378,E851,AMILOIDOSIS HEREDOFAMILIAR NEUROPATICA,"Enf. endocrinas, nutricionales y metabólicas",1
379,D467,OTROS SINDROMES MIELODISPLASICOS,Neoplasias benignas / Enf. de la sangre,1
380,G119,"ATAXIA HEREDITARIA, NO ESPECIFICADA",Enfermedades del sistema nervioso,1
381,C674,TUMOR MALIGNO DE LA PARED POSTERIOR DE LA VEJIGA,Neoplasias malignas (oncológico),1
382,E668,OTROS TIPOS DE OBESIDAD,"Enf. endocrinas, nutricionales y metabólicas",1
383,SIN CODIGO,ANESTESICO LOCAL TIPO AMIDA,SIN CAPITULO,1
384,I10X,HIPERTENSION ESENCIAL (PRIMARIA),Enfermedades del sistema circulatorio,1
385,E271,INSUFICIENCIA CORTICOSUPRARRENAL PRIMARIA,"Enf. endocrinas, nutricionales y metabólicas",1
386,E612,SINDROME DE GITTELMAN,"Enf. endocrinas, nutricionales y metabólicas",1
387,SIN CODIGO,HIPOTENSION AGUDA,SIN CAPITULO,1
388,T459,"ENVENENAMIENTO POR AGENTES PRINCIPALMENTE SISTEMICOS Y HEMATOLOGICOS, NO CLASIFICADOS EN OTRA PARTE: AGENTES PRINCIPALMENTE SISTEMICOS Y HEMATOLOGICOS, NO ESPECIFICADOS",Traumatismos y envenenamientos,1
389,SIN CODIGO,"DIABETES INSIPIDA, VARICES HEMORRAGICAS Y ARRESTO CARDIACO SIN PULSO",SIN CAPITULO,1
390,D808,OTRAS INMUNODEFICIENCIAS CON PREDOMINIO DE DEFECTOS DE LOS ANTICUERPOS,Neoplasias benignas / Enf. de la sangre,1
391,D075,CARCINOMA IN SITU DE LA PROSTATA,Neoplasias benignas / Enf. de la sangre,1
392,Z225,PORTADOR DE HEPATITIS VIRAL,Factores que influyen en el estado de salud,1
393,E859,"AMILOIDOSIS, NO ESPECIFICADA","Enf. endocrinas, nutricionales y metabólicas",1
394,SIN CODIGO,SINDROME DE BARTTER,SIN CAPITULO,1
395,C819,"ENFERMEDAD DE HODGKIN, NO ESPECIFICADA",Neoplasias malignas (oncológico),1
396,G588,OTRAS MONONEUROPATIAS ESPECIFICADAS,Enfermedades del sistema nervioso,1
397,E710,ENFERMEDAD DE LA ORINA EN JARABE DE ARCE,"Enf. endocrinas, nutricionales y metabólicas",1
398,D67X,DEFICIENCIA HEREDITARIA DEL FACTOR IX,Neoplasias benignas / Enf. de la sangre,1
399,Q438,"OTRAS MALFORMACIONES CONGENITAS DEL INTESTINO, NO ESPECIFICADAS",Malformaciones congénitas,1
400,C467,SARCOMA DE KAPOSI DE OTROS SITIOS ESPECIFICADOS,Neoplasias malignas (oncológico),1
401,M303,SINDROME MUCOCUTANEO LIFONODULAR [KAWASAKI],Enfermedades del sistema musculoesquelético,1
402,SIN CODIGO,DIAGNOSTICO Y TRATAMIENTO DE LA INSUFICIENCIA CORTICOSUPRARRENAL ENCELOAPATIA INFANTIL MIOCLONICA CON HIPSARRITMIA,SIN CAPITULO,1
403,I455,OTROS TIPOS ESPECIFICADOS DE BLOQUEO DEL CORAZON,Enfermedades del sistema circulatorio,1
404,D090,CARCINOMA IN SITU DE LA VEJIGA,Neoplasias benignas / Enf. de la sangre,1
405,F311,"TRASTORNO AFECTIVO BIPOLAR, EPISODIO MANIACO PRESENTE SIN SINTOMAS PSICOTICOS",Trastornos mentales y del comportamiento,1
406,B589,"TOXOPLASMOSIS, NO ESPECIFICADA",Enfermedades infecciosas y parasitarias,1
407,E830,TRASTORNOS DEL METABOLISMO DEL COBRE,"Enf. endocrinas, nutricionales y metabólicas",1
408,T523,EFECTO TOXICO DE DISOLVENTES ORGANICOS: GLICOLES,Traumatismos y envenenamientos,1
409,C570,CANCER DE TROMPA DE FALOPIO ESTADIO IIIC,Neoplasias malignas (oncológico),1
410,C499,"TUMOR MALIGNO DEL TEJIDO CONJUNTIVO Y TEJIDO BLANDO, DE SITIO NO ESPECIFICADO",Neoplasias malignas (oncológico),1
411,J849,"ENFERMEDAD PULMONAR INTERSTICIAL, NO ESPECIFICADA",Enfermedades del sistema respiratorio,1
412,D470,TUMOR DE COMPORTAMIENTO INCIERTO O DESCONOCIDO DE LOS MASTOCITOS E HISTIOCITOS,Neoplasias benignas / Enf. de la sangre,1
413,SIN CODIGO,ANTICOAGULANTE,SIN CAPITULO,1
414,D809,"INMUNODEFICIENCIA CON PREDOMINIO DE DEFECTOS DE LOS ANTICUERPOS, NO ESPECIFICADA",Neoplasias benignas / Enf. de la sangre,1
415,SIN CODIGO,DEFICIT DE LIPASA LIPOSOMAL,SIN CAPITULO,1
416,T800,"EMBOLIA GASEOSA CONSECUTIVAS A INFUSION, TRANSFUSION E INYECCION TERAPEUTICA",Traumatismos y envenenamientos,1
417,C570,TUMOR MALIGNO DE LA TROMPA DE FALOPIO,Neoplasias malignas (oncológico),1
418,I850,VARICES ESOFAGICAS CON HEMORRAGIA,Enfermedades del sistema circulatorio,1
419,SIN CODIGO,ENFERMEDAD RENAL POLIQUISTICA AUTOSOMICA DOMINANTE,SIN CAPITULO,1
420,B977,PAPILOMAVIRUS COMO CAUSA DE ENFERMEDADES CLASIFICADAS EN OTROS CAPITULOS,Enfermedades infecciosas y parasitarias,1
421,E728,OTROS TRASTORNOS ESPECIFICADOS DEL METABOLISMO DE LOS AMINOACIDOS,"Enf. endocrinas, nutricionales y metabólicas",1
422,SIN CODIGO,SINDROME DE ALAGILLE,SIN CAPITULO,1
423,E162,"HIPOGLICEMIA , NO ESPECIFICADA","Enf. endocrinas, nutricionales y metabólicas",1
424,E107,DIABETES MELLITUS INSULINODEPENDIENTE CON COMPLICACIONES MULTIPLES,"Enf. endocrinas, nutricionales y metabólicas",1
425,D688,OTROS DEFECTOS ESPECIFICADOS DE LA COAGULACION,Neoplasias benignas / Enf. de la sangre,1
426,C469,"SARCOMA DE KAPOSI, DE SITIO NO ESPECIFICADO",Neoplasias malignas (oncológico),1
427,Q955,INDIVIDUOS CON SITIO FRAGIL AUTOSOMICO,Malformaciones congénitas,1
428,SIN CODIGO,CARCINOMA SEROSA PAPILAR DE OVARIO ESTADIO IIIC,SIN CAPITULO,1
429,K297,"GASTRITIS, NO ESPECIFICADA",Enfermedades del sistema digestivo,1
430,D460,"ANEMIA REFRACTARIA SIN SIDEROBLASTOS, ASI DESCRITA",Neoplasias benignas / Enf. de la sangre,1
431,Z820,HISTORIA FAMILIAR DE EPILEPSIA Y DE OTRAS ENFERMEDADES DEL SISTEMA NERVIOSO,Factores que influyen en el estado de salud,1
432,G618,OTRAS POLINEUROPATIAS INFLAMATORIAS,Enfermedades del sistema nervioso,1
433,SIN CODIGO,NEUROFIBROMATOSIS (NO MALIGNA),SIN CAPITULO,1
434,E888,DEFICIENCIA DE LIPASA ACIDA,"Enf. endocrinas, nutricionales y metabólicas",1
435,C468,SARCOMA DE KAPOSI DE MULTIPLES ORGANOS,Neoplasias malignas (oncológico),1
436,SIN CODIGO,COAGULANTE,SIN CAPITULO,1
437,D890,HIPERGAMMAGLOBULINEMIA POLICLONAL,Neoplasias benignas / Enf. de la sangre,1
438,H718,SIN DIAGNOSTICO REPORTADO,Enfermedades del ojo y del oído,0
439,D830,ANESTESICO,Neoplasias benignas / Enf. de la sangre,1
440,I201,ANGINA DE PECHO CON ESPASMO DOCUMENTADO,Enfermedades del sistema circulatorio,1
441,T457,"ENVENENAMIENTO POR AGENTES PRINCIPALMENTE SISTEMICOS Y HEMATOLOGICOS, NO CLASIFICADOS EN OTRA PARTE: ANTAGONISTAS DE ANTICOAGULANTES, VITAMINA K Y OTROS COAGULANTES",Traumatismos y envenenamientos,1
442,Z246,NECESIDAD DE INMUNIZACION CONTRA LA HEPATITIS VIRAL,Factores que influyen en el estado de salud,1
443,I443,OTROS TIPOS DE BLOQUEO AURICULOVENTRICULAR Y LOS NO ESPECIFICADOS,Enfermedades del sistema circulatorio,1
444,E038,OTROS HIPOTIROIDISMOS ESPECIFICADOS,"Enf. endocrinas, nutricionales y metabólicas",1
445,G407,"PEQUENO MAL, NO ESPECIFICADO (SIN ATAQUE DE GRAN MAL)",Enfermedades del sistema nervioso,1
446,SIN CODIGO,TERAPIA DE OXIGENO,SIN CAPITULO,1
447,SIN CODIGO,DEFICIENCIA DE FIBRINOGENNO REPORTADO CONGENITA,SIN CAPITULO,1
448,O655,TRABAJO DE PARTO OBSTRUIDO DEBIDO A ANOMALIAS DE LOS ORGANOS PELVIANOS MATERNOS,"Embarazo, parto y puerperio",1
449,C169,"TUMOR MALIGNO DEL ESTOMAGO, PARTE NO ESPECIFICADA",Neoplasias malignas (oncológico),1
450,SIN CODIGO,QUILOMICRONEMIA FAMILIAR EN EL ADULTO,SIN CAPITULO,1
451,SIN CODIGO,LIPODISTROFIA POR DEFICIENCIA DE LEPTINA,SIN CAPITULO,1
452,I471,TAQUICARDIA SUPRAVENTRICULAR,Enfermedades del sistema circulatorio,1
453,SIN CODIGO,LINFOMA NO HODGKIN DE CELULAS GRANDES (DIFUSO),SIN CAPITULO,1
454,SIN CODIGO,SINDROME DE BRUGADA,SIN CAPITULO,1
455,SIN CODIGO,ANTIALERGICOS,SIN CAPITULO,1
456,N419,"ENFERMEDAD INFLAMATORIA DE LA PROSTATA, NO ESPECIFICADA",Enfermedades del sistema genitourinario,1
457,G710,EPILEPSIA REFRACTARIA,Enfermedades del sistema nervioso,1
458,B340,"INFECCION DEBIDA A ADENOVIRUS, SIN OTRA ESPECIFICACION",Enfermedades infecciosas y parasitarias,1
459,E249,"SINDROME DE CUSHING, NO ESPECIFICADO","Enf. endocrinas, nutricionales y metabólicas",1
460,C189,"TUMOR MALIGNO DEL COLON, PARTE NO ESPECIFICADA",Neoplasias malignas (oncológico),1
461,C474,TUMOR MALIGNO DE LOS NERVIOS PERIFERICOS DEL ABDOMEN,Neoplasias malignas (oncológico),1
462,SIN CODIGO,ENFERMEDAD DE MELAS,SIN CAPITULO,1
463,T780,CHOQUE ANAFILACTICO DEBIDO A REACCION ADVERSA A ALIMENTOS,Traumatismos y envenenamientos,1
464,G710,SIN DIAGNOSTICO REPORTADO,Enfermedades del sistema nervioso,0
465,B04X,VIRUELA DE LOS MONOS,Enfermedades infecciosas y parasitarias,1
466,Q818,OTRAS EPIDERMOLISIS BULLOSAS,Malformaciones congénitas,1
467,SIN CODIGO,NEUTRALIZACION DE LA ACCION ANTICOAGULANTE DE LA HEPARINA,SIN CAPITULO,1
468,SIN CODIGO,ANESTESICO GENERAL,SIN CAPITULO,1
469,SIN CODIGO,"ARTRITIS REUMATOIDE, NO ESPECIFICADA",SIN CAPITULO,1
470,SIN CODIGO,DEFICIENCIA DE FIBRINOGENO CONGENITA,SIN CAPITULO,1
471,SIN CODIGO,XANTOMATOSIS CEREBROTENDINOSA,SIN CAPITULO,1
472,E669,"OBESIDAD, NO ESPECIFICADA","Enf. endocrinas, nutricionales y metabólicas",1
473,SIN CODIGO,AMILOIDOSIS HEREDOFAMILIAR NEUROPATICA,SIN CAPITULO,1
474,SIN CODIGO,ANTIVIRALES,SIN CAPITULO,1
475,SIN CODIGO,"DIAGNOSTICO DE TUMORES NEUROENDOCRINOS, GASTRO-ENETERO-PANCREATICOS, PARAGANGLIOMAS ENTRE OTROS",SIN CAPITULO,1
476,R509,"FIEBRE, NO ESPECIFICADA",Síntomas y signos no clasificados,1
477,E740,ENFERMEDAD DEL ALMACENAMIENTO DE GLUCOGENO,"Enf. endocrinas, nutricionales y metabólicas",1
478,J450,ASMA PREDOMINANTEMENTE ALERGICA,Enfermedades del sistema respiratorio,1
479,SIN CODIGO,ANTITROMBOTICO - ANTICOAGULANTE,SIN CAPITULO,1
480,SIN CODIGO,TUMOR MALIGNO DE LOS NERVIOS PERIFERICOS DEL ABDOMEN,SIN CAPITULO,1
481,SIN CODIGO,ANTIVENENO ALACRAN,SIN CAPITULO,1
482,SIN CODIGO,TERAPIA DE SUSTITUCION EN PACIENTES QUE NO TIENEN CANTIDADES SUFICIENTES DE ANTICUERPOS PROPIOS,SIN CAPITULO,1
483,C729,"TUMOR MALIGNO DEL SISTEMA NERVIOSO CENTRAL, SIN OTRA ESPECIFICACION",Neoplasias malignas (oncológico),1
484,B559,"LEISHMANIASIS, NO ESPECIFICADA",Enfermedades infecciosas y parasitarias,1
485,SIN CODIGO,ANTIDOTO DE LA HEPARINA,SIN CAPITULO,1
486,SIN CODIGO,ANTINEOPLASICO,SIN CAPITULO,1
487,E702,TRASTORNOS DEL METABOLISMO DE LA TIROSINA,"Enf. endocrinas, nutricionales y metabólicas",1
488,SIN CODIGO,"ANTINEOPLASICO, CITOSTATICO, TRATAMIENTO ALTERNATIVO DE LEUCEMIA AGUDA LINFOBLASTICA",SIN CAPITULO,1
489,SIN CODIGO,"ANTINEOPLASICO, CITOSTATICO, TRATAMIENTO ALTERNATIVO DE LEUCEMIA AGUDA LINFOBLASTICAS",SIN CAPITULO,1
490,C444,TUMOR MALIGNO DE LA PIEL DEL CUERO CABELLUDO Y DEL CUELLO,Neoplasias malignas (oncológico),1
491,C20X,TUMOR MALIGNO DEL RECTO,Neoplasias malignas (oncológico),1
492,D509,ANEMIA POR DEFICIENCIA DE HIERRO SIN OTRA ESPECIFICACION,Neoplasias benignas / Enf. de la sangre,1
493,I513,"TROMBOSIS INTRACARDIACA, NO CLASIFICADA EN OTRA PARTE",Enfermedades del sistema circulatorio,1
494,C182,TUMOR MALIGNO DEL COLON ASCENDENTE,Neoplasias malignas (oncológico),1
495,SIN CODIGO,ACIDOSIS METABOLICA,SIN CAPITULO,1
496,E079,"TRASTORNO DE LA GLANDULA TIROIDES, NO ESPECIFICADO","Enf. endocrinas, nutricionales y metabólicas",1
497,SIN CODIGO,DEFICIENCIA DE LIPASA ACIDA LIPOSOMAL,SIN CAPITULO,1
498,T633,EFECTO TOXICO DEL CONTACTO CON ANIMALES VENENOSOS: VENENO DE ARANAS,Traumatismos y envenenamientos,1
499,SIN CODIGO,TRATAMIENTO CONTRA EL CANCER,SIN CAPITULO,1
500,P211,"ASFIXIA DEL NACIMIENTO, LEVE Y MODERADA",Afecciones del período perinatal,1
501,SIN CODIGO,TRATAMIENTO DEL MIELOMA Y ADENOCARCINOMA OVARICO AVANZADO,SIN CAPITULO,1
502,I678,OTRAS ENFERMEDADES CEREBROVASCULARES ESPECIFICADAS,Enfermedades del sistema circulatorio,1
503,SIN CODIGO,"TRATAMIENTO CONTRA LA LEUCEMIA, LINFOMAS Y MIELOMAS",SIN CAPITULO,1
504,E612,SINDROME DE GITELMAN,"Enf. endocrinas, nutricionales y metabólicas",1
505,SIN CODIGO,ADENOCARCINOMA PRIMARIO PULMONAR,SIN CAPITULO,1
506,SIN CODIGO,"EPILEPSIA EN AUSENCIAS INFANTILES DE MUY DIFICIL CONTROL, MANEJO CON BITERAPIA.",SIN CAPITULO,1
507,L819,"TRASTORNO DE LA PIGMENTACION, NO ESPECIFICADO",Enfermedades de la piel,1
508,D090,CANCER DE VEJIGA,Neoplasias benignas / Enf. de la sangre,1
509,C403,OSTEOSARCOMA PERIOSTAL,Neoplasias malignas (oncológico),1
510,G121,OTRAS ATROFIAS MUSCULARES ESPINALES HEREDITARIAS,Enfermedades del sistema nervioso,1
511,SIN CODIGO,LEUCEMIA PROMIELOCITICA AGUDA,SIN CAPITULO,1
512,SIN CODIGO,ESTIMULANTE DEL SISTEMA NERVIOSO SIMPATICO (RECEPTORES ALFA Y Β,SIN CAPITULO,1
513,SIN CODIGO,INDUCTOR DEL SUENO - SEDANTE,SIN CAPITULO,1
514,SIN CODIGO,CARCINOMA UROTELIAL IN SITU DE LA VEJIGA,SIN CAPITULO,1
515,K740,FIBROSIS HEPATICA,Enfermedades del sistema digestivo,1
516,K210,ENFERMEDAD DEL REFLUJO GASTROESOFAGICO CON ESOFAGITIS,Enfermedades del sistema digestivo,1
517,SIN CODIGO,ANTIDOTO CONTRA INTOXICACION POR PLOMO Y OTROS METALES PESADO,SIN CAPITULO,1
518,SIN CODIGO,MICOSIS FUNGOIDE,SIN CAPITULO,1
519,D828,INMUNODEFICIENCIA ASOCIADA CON OTROS DEFECTOS MAYORES ESPECIFICADOS,Neoplasias benignas / Enf. de la sangre,1
520,M352,ENFERMEDAD DE BEHCET,Enfermedades del sistema musculoesquelético,1
521,E161,OTRAS HIPOGLICEMIAS,"Enf. endocrinas, nutricionales y metabólicas",1
522,G400,EPILEPSIA Y SINDROMES EPILEPTICOS IDIOPATICOS RELACIONADOS CON LOCALIZACIONES (FOCALES) (PARCIALES) Y CON ATAQUES DE INICIO LOCALIZADO,Enfermedades del sistema nervioso,1
523,C741,TUMOR MALIGNO DE LA MEDULA DE LA GLANDULA SUPRARRENAL,Neoplasias malignas (oncológico),1
524,C810,ENFERMEDAD DE HODGKIN CON PREDOMINIO LINFOCITICO,Neoplasias malignas (oncológico),1
525,C679,"TUMOR MALIGNO DE LA VEJIGA URINARIA, PARTE NO ESPECIFICADA",Neoplasias malignas (oncológico),1
526,C259,"TUMOR MALIGNO DEL PANCREAS, PARTE NO ESPECIFICADA",Neoplasias malignas (oncológico),1
527,G401,EPILEPSIA Y SINDROMES EPILEPTICOS SINTOMATICOS RELACIONADOS CON LOCALIZACIONES (FOCALES) (PARCIALES) Y CON ATAQUES PARCIALES SIMPLES,Enfermedades del sistema nervioso,1
528,Y552,"EFECTOS ADVERSOS DE OTROS AGENTES QUE ACTUAN PRIMARIAMENTE SOBRE LOS MUSCULOS, Y LOS NO ESPECIFICADOS",Otro (capítulo Y),1
529,D806,DEFICIENCIA DE ANTICUERPOS CON INMUNOGLOBULINAS CASI NORMALES O CON HIPERINMUNOGLOBULINEMIA,Neoplasias benignas / Enf. de la sangre,1
530,P270,SINDROME DE WILSON-MIKITY,Afecciones del período perinatal,1
531,L931,LUPUS ERITEMATOSO CUTANEO SUBAGUDO,Enfermedades de la piel,1
532,H539,"ALTERACION VISUAL, NO ESPECIFICADA",Enfermedades del ojo y del oído,1
533,J958,OTROS TRASTORNOS RESPIRATORIOS CONSECUTIVOS A PROCEDIMIENTOS,Enfermedades del sistema respiratorio,1
534,K769,"ENFERMEDAD DEL HIGADO, NO ESPECIFICADA",Enfermedades del sistema digestivo,1
535,L038,CELULITIS DE OTROS SITIOS,Enfermedades de la piel,1
536,C179,"TUMOR MALIGNO DEL INTESTINO DELGADO, PARTE NO ESPECIFICADA",Neoplasias malignas (oncológico),1
537,E833,TRASTORNOS DEL METABOLISMO DEL FOSFORO,"Enf. endocrinas, nutricionales y metabólicas",1
538,G248,OTRAS DISTONIAS,Enfermedades del sistema nervioso,1
539,L309,"DERMATITIS, NO ESPECIFICADA",Enfermedades de la piel,1
540,D057,OTROS CARCINOMAS IN SITU DE LA MAMA,Neoplasias benignas / Enf. de la sangre,1
541,E550,RAQUITISMO ACTIVO,"Enf. endocrinas, nutricionales y metabólicas",1
542,E724,TRASTORNO DEL METABOLISMO DE LA ORNITINA,"Enf. endocrinas, nutricionales y metabólicas",1
543,D039,"MELANOMA IN SITU, SITIO NO ESPECIFICADO",Neoplasias benignas / Enf. de la sangre,1
544,C55X,"TUMOR MALIGNO DEL UTERO, PARTE NO ESPECIFICADA",Neoplasias malignas (oncológico),1
545,E788,OTROS TRASTORNOS DEL METABOLISMO DE LAS LIPOPROTEINAS,"Enf. endocrinas, nutricionales y metabólicas",1
546,C403,TUMOR MALIGNO DE LOS HUESOS CORTOS DEL MIEMBRO INFERIOR,Neoplasias malignas (oncológico),1
547,C254,TUMOR MALIGNO DEL PANCREAS ENDOCRINO,Neoplasias malignas (oncológico),1
548,Z303,EXTRACCION MENSTRUAL,Factores que influyen en el estado de salud,1
549,R33X,RETENCION DE ORINA,Síntomas y signos no clasificados,1
550,K319,"ENFERMEDAD DEL ESTOMAGO Y DEL DUODENO, NO ESPECIFICADA",Enfermedades del sistema digestivo,1
551,R58X,"HEMORRAGIA, NO CLASIFICADA EN OTRA PARTE",Síntomas y signos no clasificados,1
552,E200,HIPOPARATIROIDISMO IDIOPATICO,"Enf. endocrinas, nutricionales y metabólicas",1
553,C172,TUMOR MALIGNO DEL ILEON,Neoplasias malignas (oncológico),1
554,J304,"RINITIS ALERGICA, NO ESPECIFICADA",Enfermedades del sistema respiratorio,1
555,C250,TUMOR MALIGNO DE LA CABEZA DEL PANCREAS,Neoplasias malignas (oncológico),1
556,C787,TUMOR MALIGNO SECUNDARIO DEL HIGADO,Neoplasias malignas (oncológico),1
557,T781,"OTRA REACCION ADVERSA A ALIMENTOS, NO CLASIFICADA EN OTRA PARTE",Traumatismos y envenenamientos,1
558,K500,ENFERMEDAD DE CROHN DEL INTESTINO DELGADO,Enfermedades del sistema digestivo,1
559,F339,"TRASTORNO DEPRESIVO RECURRENTE, NO ESPECIFICADO",Trastornos mentales y del comportamiento,1
560,M892,OTROS TRASTORNOS DEL DESARROLLO Y CRECIMIENTO OSEO,Enfermedades del sistema musculoesquelético,1
561,D899,"TRASTORNO QUE AFECTA AL MECANISMO DE LA INMUNIDAD, NO ESPECIFICADO",Neoplasias benignas / Enf. de la sangre,1
562,L920,GRANULOMA ANULAR,Enfermedades de la piel,1
563,D339,"TUMOR BENIGNO DEL SISTEMA NERVIOSO CENTRAL, SITIO NO ESPECIFICADO",Neoplasias benignas / Enf. de la sangre,1
564,I509,"INSUFICIENCIA CARDIACA, NO ESPECIFICADA",Enfermedades del sistema circulatorio,1
565,E349,"TRASTORNO ENDOCRINO, NO ESPECIFICADO","Enf. endocrinas, nutricionales y metabólicas",1
566,C178,TUMOR MALIGNO DEL LESION DE SITIOS CONTIGUOS DEL INTESTINO DELGADO,Neoplasias malignas (oncológico),1
567,N209,"CALCULO URINARIO, NO ESPECIFICADO",Enfermedades del sistema genitourinario,1
568,F220,TRASTORNO DELIRANTE,Trastornos mentales y del comportamiento,1
569,E720,TRASTORNOS DEL TRANSPORTE DE LOS AMINOACIDOS,"Enf. endocrinas, nutricionales y metabólicas",1
570,Z300,CONSEJO Y ASESORAMIENTO GENERAL SOBRE LA ANTICONCEPCION,Factores que influyen en el estado de salud,1
571,T884,FALLA O DIFICULTAD DE LA INTUBACION,Traumatismos y envenenamientos,1
572,G240,DISTONIA INDUCIDA POR DROGAS,Enfermedades del sistema nervioso,1
573,P742,ALTERACIONES DEL EQUILIBRIO DEL SODIO EN EL RECIEN NACIDO,Afecciones del período perinatal,1
574,E032,HIPOTIROIDISMO DEBIDO A MEDICAMENTOS Y A OTRAS SUSTANCIAS EXOGENAS,"Enf. endocrinas, nutricionales y metabólicas",1
575,X200,CONTACTO TRAUMATICO CON SERPIENTES Y LAGARTOS VENENOSOS: VIVIENDA,Otro (capítulo X),1
576,J841,OTRAS ENFERMEDADES PULMONARES INTERSTICIALES CON FIBROSIS,Enfermedades del sistema respiratorio,1
577,B580,OCULOPATIA DEBIDA A TOXOPLASMA,Enfermedades infecciosas y parasitarias,1
578,C919,"LEUCEMIA LINFOIDE, SIN OTRA ESPECIFICACION",Neoplasias malignas (oncológico),1
579,2019000726,SIN DIAGNOSTICO REPORTADO,Otro (capítulo 2),0
580,B07X,VERRUGAS VIRICAS,Enfermedades infecciosas y parasitarias,1
581,G129,"ATROFIA MUSCULAR ESPINAL, SIN OTRA ESPECIFICACION",Enfermedades del sistema nervioso,1
582,Y830,OPERACION QUIRURGICA CON TRASPLANTE DE UN ORGANO COMPLETO,Otro (capítulo Y),1
583,E220,ACROMEGALIA Y GIGANTISMO HIPOFISARIO,"Enf. endocrinas, nutricionales y metabólicas",1
584,K501,ENFERMEDAD DE CROHN DEL INTESTINO GRUESO,Enfermedades del sistema digestivo,1
585,D350,TUMOR BENIGNO DE LA GLANDULA SUPRARRENAL,Neoplasias benignas / Enf. de la sangre,1
586,C171,TUMOR MALIGNO DEL YEYUNO,Neoplasias malignas (oncológico),1
587,D093,CARCINOMA IN SITU DE LA GLANDULA TIROIDES Y DE OTRAS GLANDULAS ENDOCRINAS,Neoplasias benignas / Enf. de la sangre,1
588,NO EXISTE,SIN DIAGNOSTICO REPORTADO,Enfermedades del sistema genitourinario,0
589,D570,ANEMIA FALCIFORME CON CRISIS,Neoplasias benignas / Enf. de la sangre,1
590,Q820,LINFEDEMA HEREDITARIO,Malformaciones congénitas,1
591,M068,OTRAS ARTRITIS REUMATOIDEAS ESPECIFICADAS,Enfermedades del sistema musculoesquelético,1
592,T451,"ENVENENAMIENTO POR AGENTES PRINCIPALMENTE SISTEMICOS Y HEMATOLOGICOS, NO CLASIFICADOS EN OTRA PARTE: DROGAS ANTINEOPLASICAS E INMUNOSUPRESORAS",Traumatismos y envenenamientos,1
593,D359,TUMOR BENIGNO DE GLANDULA ENDOCRINA NO ESPECIFICADA,Neoplasias benignas / Enf. de la sangre,1
594,M328,OTRAS FORMAS DE LUPUS ERITEMATOSO SISTEMICO,Enfermedades del sistema musculoesquelético,1
595,N301,CISTITIS INTERSTICIAL (CRONICA),Enfermedades del sistema genitourinario,1
596,C773,TUMOR MALIGNO DE LOS GANGLIOS LINFATICOS DE LA AXILA Y DEL MIEMBRO SUPERIOR,Neoplasias malignas (oncológico),1
597,C845,OTROS LINFOMAS DE CELULAS Y LOS NO ESPECIFICADOS,Neoplasias malignas (oncológico),1
598,F334,TRASTORNO DEPRESIVO RECURRENTE ACTUALMENTE EN REMISION,Trastornos mentales y del comportamiento,1
599,N321,FISTULA VESICOINTESTINAL,Enfermedades del sistema genitourinario,1
600,K871,TRASTORNOS DEL PANCREAS EN ENFERMEDADES CLASIFICADAS EN OTRA PARTE,Enfermedades del sistema digestivo,1
601,E784,OTRA HIPERLIPIDEMIA,"Enf. endocrinas, nutricionales y metabólicas",1
602,D619,"ANEMIA APLASTICA, SIN OTRA ESPECIFICACION",Neoplasias benignas / Enf. de la sangre,1
603,D024,CARCINOMA IN SITU DE ORGANOS RESPIRATORIOS NO ESPECIFICADOS,Neoplasias benignas / Enf. de la sangre,1
604,M329,"LUPUS ERITEMATOSO SISTEMICO, SIN OTRA ESPECIFICACION",Enfermedades del sistema musculoesquelético,1
605,M349,"ESCLEROSIS SISTEMICA, NO ESPECIFICADA",Enfermedades del sistema musculoesquelético,1
606,E754,LIPOFUSCINOSIS CEROIDE NEURONAL,"Enf. endocrinas, nutricionales y metabólicas",1
607,T861,FALLA Y RECHAZO DE TRASPLANTE DE RINON,Traumatismos y envenenamientos,1
608,C620,TUMOR MALIGNO DEL TESTICULO NO DESCENDIDO,Neoplasias malignas (oncológico),1
609,E721,TRASTORNO DEL METABOLISMO DE LOS AMINOACIDOS AZUFRADOS,"Enf. endocrinas, nutricionales y metabólicas",1
610,C19X,TUMOR MALIGNO DE LA UNION RECTOSIGMOIDEA,Neoplasias malignas (oncológico),1
611,C859,"LINFOMA NO HODGKIN, NO ESPECIFICADO",Neoplasias malignas (oncológico),1
612,G122,ENFERMEDADES DE LAS NEURONAS MOTORAS,Enfermedades del sistema nervioso,1
613,I48X,FIBRILACION Y ALETEO AURICULAR,Enfermedades del sistema circulatorio,1
614,D059,"CARCINOMA IN SITU DE LA MAMA, PARTE NO ESPECIFICADA",Neoplasias benignas / Enf. de la sangre,1
615,C901,LEUCEMIA DE CELULAS PLASMATICAS,Neoplasias malignas (oncológico),1
616,D689,"DEFECTO DE LA COAGULACION, NO ESPECIFICADO",Neoplasias benignas / Enf. de la sangre,1
617,B009,"INFECCION DEBIDA A EL VIRUS DEL HERPES, NO ESPECIFICADA",Enfermedades infecciosas y parasitarias,1
618,G120,"ATROFIA MUSCULAR ESPINAL INFANTIL, TIPO I [WERDNIG-HOFFMAN]",Enfermedades del sistema nervioso,1
619,D612,ANEMIA APLASTICA DEBIDA A OTROS AGENTES EXTERNOS,Neoplasias benignas / Enf. de la sangre,1
620,D097,CARCINOMA IN SITU DE OTROS SITIOS ESPECIFICADOS,Neoplasias benignas / Enf. de la sangre,1
621,L108,OTROS PENFIGOS,Enfermedades de la piel,1
622,E643,SECUELAS DEL RAQUITISMO,"Enf. endocrinas, nutricionales y metabólicas",1
623,E408,SINDROME DE MELAS,"Enf. endocrinas, nutricionales y metabólicas",1
624,D330,"TUMOR BENIGNO DEL ENCEFALO, SUPRATENTORIAL",Neoplasias benignas / Enf. de la sangre,1
625,C229,"TUMOR MALIGNO DEL HIGADO, NO ESPECIFICADO",Neoplasias malignas (oncológico),1
626,C500,TUMOR MALIGNO DEL PEZON Y AREOLA MAMARIA,Neoplasias malignas (oncológico),1
627,T141,HERIDA DE REGION NO ESPECIFICADA DEL CUERPO,Traumatismos y envenenamientos,1
628,E236,OTROS TRASTORNOS DE LA GLANDULA HIPOFISIS,"Enf. endocrinas, nutricionales y metabólicas",1
629,E725,TRASTORNO DEL METABOLISMO DE LA GLICINA,"Enf. endocrinas, nutricionales y metabólicas",1
630,P704,OTRAS HIPOGLICEMIAS NEONATALES,Afecciones del período perinatal,1
631,C850,LINFOSARCOMA,Neoplasias malignas (oncológico),1
632,N302,OTRAS CISTITIS CRONICAS,Enfermedades del sistema genitourinario,1
633,E709,"TRASTORNO DEL METABOLISMO DE LOS AMINOACIDOS AROMATICOS, NO ESPECIFICADO","Enf. endocrinas, nutricionales y metabólicas",1
634,C501,TUMOR MALIGNO DE LA PORCION CENTRAL DE LA MAMA,Neoplasias malignas (oncológico),1
635,H180,PIGMENTACIONES Y DEPOSITOS EN LA CORNEA,Enfermedades del ojo y del oído,1
636,Y431,EFECTOS ADVERSOS DE ANTIMETABOLITOS ANTINEOPLASICOS,Otro (capítulo Y),1
637,C37X,TUMOR MALIGNO DEL TIMO,Neoplasias malignas (oncológico),1
638,A168,"OTRAS TUBERCULOSIS RESPIRATORIAS, SIN MENCION DE CONFIRMACION",Enfermedades infecciosas y parasitarias,1
639,D464,"ANEMIA REFRACTARIA, SIN OTRA ESPECIFICACION",Neoplasias benignas / Enf. de la sangre,1
640,T804,REACCION DE INCOMPATIBILIDAD A RH,Traumatismos y envenenamientos,1
641,I21,SIN DIAGNOSTICO REPORTADO,Enfermedades del sistema circulatorio,0
642,L509,"URTICARIA, NO ESPECIFICADA",Enfermedades de la piel,1
643,D010,CARCINOMA IN SITU DEL COLON,Neoplasias benignas / Enf. de la sangre,1
644,A082,ENTERITIS DEBIDA A ADENOVIRUS,Enfermedades infecciosas y parasitarias,1
645,N259,"TRASTORNO NO ESPECIFICADO, RESULTANTE DE LA FUNCION TUBULAR RENAL ALTERADA",Enfermedades del sistema genitourinario,1
646,N300,CISTITIS AGUDAS,Enfermedades del sistema genitourinario,1
647,G128,OTRAS ATROFIAS MUSCULARES ESPINALES Y SINDROMES AFINES,Enfermedades del sistema nervioso,1
648,G990,NEUROPATIA AUTONOMICA EN ENFERMEDADES METABOLICAS Y ENDOCRINAS,Enfermedades del sistema nervioso,1
649,N310,"VEJIGA NEUROPATICA NO INHIBIDA, NO CLASIFICADA EN OTRA PARTE",Enfermedades del sistema genitourinario,1
650,C220,CARCINOMA DE CELULAS HEPATICAS,Neoplasias malignas (oncológico),1
651,L208,OTRAS DERMATITIS ATOPICAS,Enfermedades de la piel,1
652,D441,TUMOR DE COMPORTAMIENTO INCIERTO O DESCONOCIDO DE LA GLANDULA SUPRARRENAL,Neoplasias benignas / Enf. de la sangre,1
653,ANESTESIA,SIN DIAGNOSTICO REPORTADO,Enfermedades infecciosas y parasitarias,0
654,T413,ENVENENAMIENTO POR ANESTESICOS Y GASES TERAPEUTICOS: ANESTESICOS LOCALES,Traumatismos y envenenamientos,1
655,R102,DOLOR PELVICO Y PERINEAL,Síntomas y signos no clasificados,1
656,P550,INCOMPATIBILIDAD RH DEL FETO Y DEL RECIEN NACIDO,Afecciones del período perinatal,1
657,K509,"ENFERMEDAD DE CROHN, NO ESPECIFICADA",Enfermedades del sistema digestivo,1
658,R579,"CHOQUE , NO ESPECIFICADO",Síntomas y signos no clasificados,1
659,E730,DEFICIENCIA CONGENITA DE LACTASA,"Enf. endocrinas, nutricionales y metabólicas",1
660,C260,"TUMOR MALIGNO DEL INTESTINO, PARTE NO ESPECIFICADA",Neoplasias malignas (oncológico),1
661,P370,TUBERCULOSIS CONGENITA,Afecciones del período perinatal,1
662,C187,TUMOR MALIGNO DEL COLON SIGMOIDE,Neoplasias malignas (oncológico),1
663,D374,TUMOR DE COMPORTAMIENTO INCIERTO O DESCONOCIDO DEL COLON,Neoplasias benignas / Enf. de la sangre,1
664,H188,OTROS TRASTORNOS ESPECIFICADOS DE LA CORNEA,Enfermedades del ojo y del oído,1
665,N850,HIPERPLASIA DE GLANDULA DEL ENDOMETRIO,Enfermedades del sistema genitourinario,1
666,D681,DEFICIENCIA HEREDITARIA DEL FACTOR XI,Neoplasias benignas / Enf. de la sangre,1
667,E050,TIROTOXICOSIS CON BOCIO DIFUSO,"Enf. endocrinas, nutricionales y metabólicas",1
668,M139,"ARTRITIS, NO ESPECIFICADA",Enfermedades del sistema musculoesquelético,1
669,D613,ANEMIA APLASTICA IDIOPATICA,Neoplasias benignas / Enf. de la sangre,1
670,K638,OTRAS ENFERMEDADES ESPECIFICADAS DEL INTESTINO,Enfermedades del sistema digestivo,1
671,W599,MORDEDURA O APLASTAMIENTO POR OTROS REPTILES: LUGAR NO ESPECIFICADO,Otro (capítulo W),1
672,C504,TUMOR MALIGNO DEL CUADRANTE SUPERIOR EXTERNO DE LA MAMA,Neoplasias malignas (oncológico),1
673,H164,NEOVASCULARIZACION DE LA CORNEA,Enfermedades del ojo y del oído,1
674,E249,SIN DIAGNOSTICO REPORTADO,"Enf. endocrinas, nutricionales y metabólicas",0
675,Q250,CONDUCTO ARTERIOSO PERMEABLE,Malformaciones congénitas,1
676,|,SIN DIAGNOSTICO REPORTADO,Otro (capítulo |),0
677,E660,OBESIDAD DEBIDA A EXCESO DE CALORIAS,"Enf. endocrinas, nutricionales y metabólicas",1
678,E568,DEFICIENCIA DE OTRAS VITAMINAS,"Enf. endocrinas, nutricionales y metabólicas",1
679,T784,SIN DIAGNOSTICO REPORTADO,Traumatismos y envenenamientos,0
680,F339,SIN DIAGNOSTICO REPORTADO,Trastornos mentales y del comportamiento,0
681,E301,PUBERTAD PRECOZ,"Enf. endocrinas, nutricionales y metabólicas",1
682,C750,TUMOR MALIGNO DE LA GLANDULA PARATIROIDES,Neoplasias malignas (oncológico),1
683,C412,TUMOR MALIGNO DE LA COLUMNA VERTEBRAL,Neoplasias malignas (oncológico),1
684,C763,TUMOR MALIGNO DE LA PELVIS,Neoplasias malignas (oncológico),1
685,G462,SINDROME DE LA ARTERIA CEREBRAL POSTERIOR (I66.2†),Enfermedades del sistema nervioso,1
686,Z010,EXAMEN DE OJOS Y DE LA VISION,Factores que influyen en el estado de salud,1
687,F508,OTROS TRASTORNOS DE LA INGESTION DE ALIMENTOS,Trastornos mentales y del comportamiento,1
688,E02X,HIPOTIROIDISMO SUBCLINICO POR DEFICIENCIA DE YODO,"Enf. endocrinas, nutricionales y metabólicas",1
689,SIN CODIGO,TUBERCULOSIS CONGENITA,SIN CAPITULO,1
690,I491,DESPOLARIZACION AURICULAR PREMATURA,Enfermedades del sistema circulatorio,1
691,N390,"INFECCION DE VIAS URINARIAS, SITIO NO ESPECIFICADO",Enfermedades del sistema genitourinario,1
692,X209,CONTACTO TRAUMATICO CON SERPIENTES Y LAGARTOS VENENOSOS: LUGAR NO ESPECIFICADO,Otro (capítulo X),1
693,M058,OTRAS ARTRITIS REUMATOIDEAS SEROPOSITIVAS,Enfermedades del sistema musculoesquelético,1
694,R620,RETARDO EN DESARROLLO,Síntomas y signos no clasificados,1
695,H184,DEGENERACION DE LA CORNEA,Enfermedades del ojo y del oído,1
696,C340,TUMOR MALIGNO DEL BRONQUIO PRINCIPAL,Neoplasias malignas (oncológico),1
697,D440,TUMOR DE COMPORTAMIENTO INCIERTO O DESCONOCIDO DE LA GLANDULA TIROIDES,Neoplasias benignas / Enf. de la sangre,1
698,B561,TRIPANOSOMIASIS RHODESIENSE,Enfermedades infecciosas y parasitarias,1
699,N338,TRASTORNOS DE LA VEJIGA EN OTRAS ENFERMEDADES CLASIFICADAS EN OTRA PARTE,Enfermedades del sistema genitourinario,1
700,G151,SIN DIAGNOSTICO REPORTADO,Enfermedades del sistema nervioso,0
701,C760,"TUMOR MALIGNO DE LA CABEZA, CARA Y CUELLO",Neoplasias malignas (oncológico),1
702,A309,"LEPRA, NO ESPECIFICADA",Enfermedades infecciosas y parasitarias,1
703,R934,HALLAZGOS ANORMALES EN DIAGNOSTICO POR IMAGEN DE LOS ORGANOS URINARIOS,Síntomas y signos no clasificados,1
704,D473,TROMBOCITOPENIA (HEMORRAGICA) ESENCIAL,Neoplasias benignas / Enf. de la sangre,1
705,L508,OTRAS URTICARIAS,Enfermedades de la piel,1
706,C341,SIN DIAGNOSTICO REPORTADO,Neoplasias malignas (oncológico),0
707,G122,SIN DIAGNOSTICO REPORTADO,Enfermedades del sistema nervioso,0
708,D002,CARCINOMA IN SITU DEL ESTOMAGO,Neoplasias benignas / Enf. de la sangre,1
709,G600,NEUROPATIA HEREDITARIA MOTORA Y SENSORIAL,Enfermedades del sistema nervioso,1
710,K293,GASTRITIS CRONICA SUPERFICIAL.,Enfermedades del sistema digestivo,1
711,M122,SINOVITIS VELLONODULAR (PIGMENTADA),Enfermedades del sistema musculoesquelético,1
712,0,SIN DIAGNOSTICO REPORTADO,Otro (capítulo 0),0
713,C505,TUMOR MALIGNO DEL CUADRANTE INFERIOR EXTERNO DE LA MAMA,Neoplasias malignas (oncológico),1
714,C835,LINFOMA NO HODGKIN LINFOBLASTICO (DIFUSO),Neoplasias malignas (oncológico),1
715,I469,"PARO CARDIACO, NO ESPECIFICADO",Enfermedades del sistema circulatorio,1
